BP,RI,read_counts_virema,sense,DVG_type,ID_DI,cID_DI,start,end,id,TP_exact,seq_around_junction,seq_around_junction_reverseCompl,inWholeSeq,inWholeSeq_asRevCompl,in_idSeq,TP_seq
14771,11028,2,++,Insertion_forward,14771_11028,++_14771_11028,11028,14771,11028_14771,1,TGTTGAATTAAAACACTTCTTCTTTGCTCAtgacttcacttttagttttagtccagagta,TACTCTGGACTAAAACTAAAAGTGAAGTCATGAGCAAAGAAGAAGTGTTTTAATTCAACA,++_14771_11028,,++_14771_11028,1
2545,24119,2,++,Deletion_forward,2545_24119,++_2545_24119,2545,24119,2545_24119,1,GTGTTAACAGAGGAAGTTGTCTTGAAAACTcaaaagtttaacggccttactgttttgcca,TGGCAAAACAGTAAGGCCGTTAAACTTTTGAGTTTTCAAGACAACTTCCTCTGTTAACAC,,--_24119_2545,--_24119_2545,1
10339,21608,1,++,Deletion_forward,10339_21608,++_10339_21608,10339,21608,10339_21608,0,GTACTTAAGCTTAAGGTTGATACAGCCAATgttaatcttacaaccagaactcaattaccc,GGGTAATTGAGTTCTGGTTGTAAGATTAACATTGGCTGTATCAACCTTAAGCTTAAGTAC,++_10338_21607,,++_10338_21607,1
3612,19888,1,++,Deletion_forward,3612_19888,++_3612_19888,3612,19888,3612_19888,1,CGGACACAATCTTGCTAAACACTGTCTTCAagagatgctccagcacatatatctactatt,AATAGTAGATATATGTGCTGGAGCATCTCTTGAAGACAGTGTTTAGCAAGATTGTGTCCG,++_3612_19888,,++_3612_19888,1
13620,26819,1,++,Deletion_forward,13620_26819,++_13620_26819,13620,26819,13620_26819,1,ACTAATTGTTGTCGCTTCCAAGAAAAGGACtttcagactgtttgcgcgtacgcgttccat,ATGGAACGCGTACGCGCAAACAGTCTGAAAGTCCTTTTCTTGGAAGCGACAACAATTAGT,++_13620_26819,,++_13620_26819,1
1100,4403,1,++,Deletion_forward,1100_4403,++_1100_4403,1100,4403,1100_4403,1,AATGTCCAAATTTTGTATTTCCCTTAAATTgcacatgcagaagaaacacgcaaattaatg,CATTAATTTGCGTGTTTCTTCTGCATGTGCAATTTAAGGGAAATACAAAATTTGGACATT,++_1100_4403,,++_1100_4403,1
19465,25174,1,++,Deletion_forward,19465_25174,++_19465_25174,19465,25174,19465_25174,1,TACCACTAAAGTCTGCTACGTGTATAACACaaagtatgagcagtatataaaatggccatg,CATGGCCATTTTATATACTGCTCATACTTTGTGTTATACACGTAGCAGACTTTAGTGGTA,++_19465_25174,,++_19465_25174,1
18827,8410,1,++,Insertion_forward,18827_8410,++_18827_8410,8410,18827,8410_18827,1,ACAAAGCAACCATGATCTGTATTGTCAAGTtaaagatttcatgtcattgtctgaacaact,AGTTGTTCAGACAATGACATGAAATCTTTAACTTGACAATACAGATCATGGTTGCTTTGT,++_18827_8410,,++_18827_8410,1
29407,19806,1,++,Insertion_forward,29407_19806,++_29407_19806,19806,29407,19806_29407,0,AAAAAGGACAAAAAGAAGAAGGCTGATGAAcattaaaccagtaccagaggtgaaaatact,AGTATTTTCACCTCTGGTACTGGTTTAATGTTCATCAGCCTTCTTCTTTTTGTCCTTTTT,++_29406_19805,,++_29406_19805,1
5674,3770,1,++,Insertion_forward,5674_3770,++_5674_3770,3770,5674,3770_5674,1,ACAAAATATCTAGTACAACAGGAGTCACCTgttcgcacaaatgtctacttagctgtcttt,AAAGACAGCTAAGTAGACATTTGTGCGAACAGGTGACTCCTGTTGTACTAGATATTTTGT,++_5674_3770,,++_5674_3770,1
7778,18335,1,++,Deletion_forward,7778_18335,++_7778_18335,7778,18335,7778_18335,1,CAGTGAAGAATGGTTCCATCCATCTTTACTaagctgttggtaccaatttacctttacagc,GCTGTAAAGGTAAATTGGTACCAACAGCTTAGTAAAGATGGATGGAACCATTCTTCACTG,,--_18335_7778,--_18335_7778,1
10474,29223,1,++,Deletion_forward,10474_29223,++_10474_29223,10474,29223,10474_29223,1,AGGCCCAATTTCACTATTAAGGGTTCATTCtgtcgcgcattggcatggaagtcacacctt,AAGGTGTGACTTCCATGCCAATGCGCGACAGAATGAACCCTTAATAGTGAAATTGGGCCT,,--_29223_10474,--_29223_10474,1
1295,27969,1,++,Deletion_forward,1295_27969,++_1295_27969,1295,27969,1295_27969,0,GCGATTTTGTTAAAGCCACTTGCGAATTTTactcaacatcaaccatatgtagttgatgac,GTCATCAACTACATATGGTTGATGTTGAGTAAAATTCGCAAGTGGCTTTAACAAAATCGC,,--_27968_1294,--_27968_1294,1
14073,26393,1,++,Deletion_forward,14073_26393,++_14073_26393,14073,26393,14073_26393,1,GTTGGTGTACTGACATTAGATAATCAAGATgtcttgtaaaaccttctttttacgtttact,AGTAAACGTAAAAAGAAGGTTTTACAAGACATCTTGATTATCTAATGTCAGTACACCAAC,,--_26393_14073,--_26393_14073,1
364,25038,1,++,Deletion_forward,364_25038,++_364_25038,364,25038,364_25038,0,CGCGACGTGCTCGTACGTGGCTTTGGAGACatacatcaccagatgttgatttaggtgaca,TGTCACCTAAATCAACATCTGGTGATGTATGTCTCCAAAGCCACGTACGAGCACGTCGCG,,--_25037_363,--_25037_363,1
11671,25800,1,++,Deletion_forward,11671_25800,++_11671_25800,11671,25800,11671_25800,1,TACTTTGGCCTCTTTTGTTTACTCAACCGCaaacccattactttatgatgccaactattt,AAATAGTTGGCATCATAAAGTAATGGGTTTGCGGTTGAGTAAACAAAAGAGGCCAAAGTA,,--_25800_11671,--_25800_11671,1
9521,17853,1,++,Deletion_forward,9521_17853,++_9521_17853,9521,17853,9521_17853,1,ATGTAGTTGCCTTTAATACTTTACTATTCCagaatatgactatgtcatattcactcaaac,GTTTGAGTGAATATGACATAGTCATATTCTGGAATAGTAAAGTATTAAAGGCAACTACAT,,--_17853_9521,--_17853_9521,1
2535,5047,1,++,Deletion_forward,2535_5047,++_2535_5047,2535,5047,2535_5047,1,TCCCACAGAAGTGTTAACAGAGGAAGTTGTtggtccaacttatttggatggagctgatgt,ACATCAGCTCCATCCAAATAAGTTGGACCAACAACTTCCTCTGTTAACACTTCTGTGGGA,,--_5047_2535,--_5047_2535,1
12007,23001,1,++,Deletion_forward,12007_23001,++_12007_23001,12007,23001,12007_23001,1,ACTGAAGCCTTTGAAAAAATGGTTTCACTAgtaatggtgttgaaggttttaattgttact,AGTAACAATTAAAACCTTCAACACCATTACTAGTGAAACCATTTTTTCAAAGGCTTCAGT,,--_23001_12007,--_23001_12007,1
28693,12695,1,++,Insertion_forward,28693_12695,++_28693_12695,12695,28693,12695_28693,1,ATATGGGTTGCAACTGAGGGAGCCTTGAATcttagtcctgttgcactacgacagatgtct,AGACATCTGTCGTAGTGCAACAGGACTAAGATTCAAGGCTCCCTCAGTTGCAACCCATAT,,--_12695_28693,--_12695_28693,1
11026,6953,1,++,Insertion_forward,11026_6953,++_11026_6953,6953,11026,6953_11026,0,GGTACACACCACTGGTTGTTACTCACAATTataatttggtttttactattaagtgtttgc,GCAAACACTTAATAGTAAAAACCAAATTATAATTGTGAGTAACAACCAGTGGTGTGTACC,,--_6952_11025,--_6952_11025,1
16654,5802,1,++,Insertion_forward,16654_5802,++_16654_5802,5802,16654,5802_16654,1,TCAAGCTTTTTGCAGCAGAAACGCTCAAAGattgcatagacggtgctttacttacaaagt,ACTTTGTAAGTAAAGCACCGTCTATGCAATCTTTGAGCGTTTCTGCTGCAAAAAGCTTGA,,--_5802_16654,--_5802_16654,1
14600,10540,1,++,Insertion_forward,14600_10540,++_14600_10540,10540,14600,10540_14600,1,CCCTGCTATGCACGCTGCTTCTGGTAATCTgcaccatatggaattaccaactggagttca,TGAACTCCAGTTGGTAATTCCATATGGTGCAGATTACCAGAAGCAGCGTGCATAGCAGGG,,--_10540_14600,--_10540_14600,1
23430,10262,1,++,Insertion_forward,23430_10262,++_23430_10262,10262,23430,10262_23430,1,GGATGTTAACTGCACAGAAGTCCCTGTTGCgctggtaatgttcaactcagggttattgga,TCCAATAACCCTGAGTTGAACATTACCAGCGCAACAGGGACTTCTGTGCAGTTAACATCC,,--_10262_23430,--_10262_23430,1
19373,16434,1,++,Insertion_forward,19373_16434,++_19373_16434,16434,19373,16434_19373,1,TTTTGTTAATTTAAAACAATTACCATTTTTaggtatgagctattattgtaaatcacataa,TTATGTGATTTACAATAATAGCTCATACCTAAAAATGGTAATTGTTTTAAATTAACAAAA,,--_16434_19373,--_16434_19373,1
2174,1455,1,++,Insertion_forward,2174_1455,++_2174_1455,1455,2174,1455_2174,1,TCCTTGATTGGCTTGAAGAGAAGTTTAAGGttcgtaagggtggtcgcactattgcctttg,CAAAGGCAATAGTGCGACCACCCTTACGAACCTTAAACTTCTCTTCAAGCCAATCAAGGA,,--_1455_2174,--_1455_2174,1
20593,3310,1,++,Insertion_forward,20593_3310,++_20593_3310,3310,20593,3310_20593,0,CTAAGGTTGTCAAAGTGACTATTGACTATAacttacaccagttgttcagactattgaagt,ACTTCAATAGTCTGAACAACTGGTGTAAGTTATAGTCAATAGTCACTTTGACAACCTTAG,,--_3309_20592,--_3309_20592,1
26405,14455,1,++,Insertion_forward,26405_14455,++_26405_14455,14455,26405,14455_26405,1,CAATATTGTTAACGTGAGTCTTGTAAAACCccatttgtagtttcaactggataccacttc,GAAGTGGTATCCAGTTGAAACTACAAATGGGGTTTTACAAGACTCACGTTAACAATATTG,,--_14455_26405,--_14455_26405,1
28056,5930,1,++,Insertion_forward,28056_5930,++_28056_5930,5930,28056,5930_28056,1,GGTATATTAGAGTAGGAGCTAGAAAATCAGtgtacagaaattgaccctaagttggacaat,ATTGTCCAACTTAGGGTCAATTTCTGTACACTGATTTTCTAGCTCCTACTCTAATATACC,,--_5930_28056,--_5930_28056,1
24290,26425,3,--,Insertion_reverse,24290_26425,--_24290_26425,24290,26425,24290_26425,1,GTTCTCATAGAGAACATTCTGTGTAACTCCgagagtaaacgtaaaaagaaggttttacaa,TTGTAAAACCTTCTTTTTACGTTTACTCTCGGAGTTACACAGAATGTTCTCTATGAGAAC,,++_26425_24290,++_26425_24290,1
11764,23849,2,--,Insertion_reverse,11764_23849,--_11764_23849,11764,23849,11764_23849,0,TTAATGTTGAGTTTGAAGGCATCTATGCTAattgtgtacaaaaactgccatattgcaaca,TGTTGCAATATGGCAGTTTTTGTACACAATTAGCATAGATGCCTTCAAACTCAACATTAA,,++_23851_11766,++_23851_11766,1
29200,26334,1,--,Deletion_reverse,29200_26334,--_29200_26334,26334,29200,26334_29200,1,CGCGACATTCCGAAGAACGCTGAAGCGCTGtgtaactagcaagaataccacgaaagcaag,CTTGCTTTCGTGGTATTCTTGCTAGTTACACAGCGCTTCAGCGTTCTTCGGAATGTCGCG,,++_26334_29200,++_26334_29200,1
28219,19865,1,--,Deletion_reverse,28219_19865,--_28219_19865,19865,28219,19865_28219,1,CTAAAACAACACGAACGTCATGATACTCTAttagcagcaatgtccacacccaaattattg,CAATAATTTGGGTGTGGACATTGCTGCTAATAGAGTATCATGACGTTCGTGTTGTTTTAG,,++_19865_28219,++_19865_28219,1
15100,3024,1,--,Deletion_reverse,15100_3024,--_15100_3024,3024,15100,3024_15100,0,ACAGATAGAGACACCAGCTACGGTGCGAGCatatgtgaagccaatttaaactcaccagac,GTCTGGTGAGTTTAAATTGGCTTCACATATGCTCGCACCGTAGCTGGTGTCTCTATCTGT,,++_3025_15101,++_3025_15101,1
14814,6201,1,--,Deletion_reverse,14814_6201,--_14814_6201,6201,14814,6201_14814,0,TGTCTGATATCACACATTGTTGGTAGATTAaaagagggtgtgtagtgtttataatcaata,TATTGATTATAAACACTACACACCCTCTTTTAATCTACCAACAATGTGTGATATCAGACA,,++_6203_14816,++_6203_14816,1
20657,4417,1,--,Deletion_reverse,20657_4417,--_20657_4417,4417,20657,4417_20657,1,CAACACCCGGTTGCCACGCTTGACTAGATTttcttctgcatgtgcaagcatttctcgcaa,TTGCGAGAAATGCTTGCACATGCAGAAGAAAATCTAGTCAAGCGTGGCAACCGGGTGTTG,,++_4417_20657,++_4417_20657,1
4420,11264,1,--,Insertion_reverse,4420_11264,--_4420_11264,4420,11264,4420_11264,1,GTTTCCACACAGACAGGCATTAATTTGCGTaccatgtcataatacgcatcacccaactag,CTAGTTGGGTGATGCGTATTATGACATGGTACGCAAATTAATGCCTGTCTGTGTGGAAAC,,++_11264_4420,++_11264_4420,1
21666,22373,1,--,Insertion_reverse,21666_22373,--_21666_22373,21666,22373,21666_22373,1,ATCTGAAAACTTTGTCAGGGTAATAAACACgaagataacccacataataagctgcagcac,GTGCTGCAGCTTATTATGTGGGTTATCTTCGTGTTTATTACCCTGACAAAGTTTTCAGAT,,++_22373_21666,++_22373_21666,1
1190,25728,1,--,Insertion_reverse,1190_25728,--_1190_25728,1190,25728,1190_25728,1,TGAAAGGCACATTTGGTTGCATTCATTTGGgactaaagcataaagatagagaaaaggggc,GCCCCTTTTCTCTATCTTTATGCTTTAGTCCCAAATGAATGCAACCAAATGTGCCTTTCA,,++_25728_1190,++_25728_1190,1
9217,20211,1,--,Insertion_reverse,9217_20211,--_9217_20211,9217,20211,9217_20211,1,GCTTCTGATCTTTCACAAGTGCCGTGCCTAactctgagtaaagtaagtttcaggtaattg,CAATTACCTGAAACTTACTTTACTCAGAGTTAGGCACGGCACTTGTGAAAGATCAGAAGC,,++_20211_9217,++_20211_9217,1
21854,26320,1,--,Insertion_reverse,21854_26320,--_21854_26320,21854,26320,21854_26320,1,ACCAAAAATCCAGCCTCTTATTATGTTAGAataccacgaaagcaagaaaaagaagtacgc,GCGTACTTCTTTTTCTTGCTTTCGTGGTATTCTAACATAATAAGAGGCTGGATTTTTGGT,,++_26320_21854,++_26320_21854,1
7920,1655,1,--,Deletion_reverse,7920_1655,--_7920_1655,1655,7920,1655_7920,1,TGTAGTAAACAGACGCTGATTTTGCAGATGcaatattgatgttgactttctctttttgga,TCCAAAAAGAGAAAGTCAACATCAATATTGCATCTGCAAAATCAGCGTCTGTTTACTACA,--_7920_1655,,--_7920_1655,1
26335,14425,1,--,Deletion_reverse,26335_14425,--_26335_14425,14425,26335,14425_26335,1,ACACAATCGAAGCGCAGTAAGGATGGCTAGgtggtccaaaacttgtaggtgggaacactg,CAGTGTTCCCACCTACAAGTTTTGGACCACCTAGCCATCCTTACTGCGCTTCGATTGTGT,--_26335_14425,,--_26335_14425,1
5599,5497,1,--,Deletion_reverse,5599_5497,--_5599_5497,5497,5599,5497_5599,0,GTACAAGGTATCTGAACACCTTTCTTAAATgcaagaatctaaattggcatgttgaaacaa,TTGTTTCAACATGCCAATTTAGATTCTTGCATTTAAGAAAGGTGTTCAGATACCTTGTAC,--_5600_5498,,--_5600_5498,1
24704,8713,1,--,Deletion_reverse,24704_8713,--_24704_8713,8713,24704,8713_24704,1,AGGTGCTGACTGAGGGAAGGACATAAGATGgacaccaccatcaatagccttgtatcctat,ATAGGATACAAGGCTATTGATGGTGGTGTCCATCTTATGTCCTTCCCTCAGTCAGCACCT,--_24704_8713,,--_24704_8713,1
13049,2932,1,--,Deletion_reverse,13049_2932,--_13049_2932,2932,13049,2932_13049,1,AGCACAGAAAGATAATACAGTTGAATTGGCtaattcagatactggttgcaaagtttttat,ATAAAAACTTTGCAACCAGTATCTGAATTAGCCAATTCAACTGTATTATCTTTCTGTGCT,--_13049_2932,,--_13049_2932,1
25800,11671,1,--,Deletion_reverse,25800_11671,--_25800_11671,11671,25800,11671_25800,1,AAATAGTTGGCATCATAAAGTAATGGGTTTgcggttgagtaaacaaaagaggccaaagta,TACTTTGGCCTCTTTTGTTTACTCAACCGCAAACCCATTACTTTATGATGCCAACTATTT,--_25800_11671,,--_25800_11671,1
13548,521,1,--,Deletion_reverse,13548_521,--_13548_521,521,13548,521_13548,1,GCAAAACCAGCTACTTTATCATTGTAGATGccataacatgaccatgaggtgcagttcgag,CTCGAACTGCACCTCATGGTCATGTTATGGCATCTACAATGATAAAGTAGCTGGTTTTGC,--_13548_521,,--_13548_521,1
14492,5067,1,--,Deletion_reverse,14492_5067,--_14492_5067,5067,14492,5067_14492,1,AGTTTACATCCTGATTATGTACAACACCTAccatccaaataagttggaccaaactgttgt,ACAACAGTTTGGTCCAACTTATTTGGATGGTAGGTGTTGTACATAATCAGGATGTAAACT,--_14492_5067,,--_14492_5067,1
9966,6662,1,--,Deletion_reverse,9966_6662,--_9966_6662,6662,9966,6662_9966,1,AGTTACTGAAGTCATTGAGAGCCTTTGCGAcactattaacagcagctaaaccatgagtag,CTACTCATGGTTTAGCTGCTGTTAATAGTGTCGCAAAGGCTCTCAATGACTTCAGTAACT,--_9966_6662,,--_9966_6662,1
21579,9746,1,--,Deletion_reverse,21579_9746,--_21579_9746,9746,21579,9746_21579,1,CACACTGACTAGAGACTAGTGGCAATAAAAggtaattactaaagaaccaatagaaatgct,AGCATTTCTATTGGTTCTTTAGTAATTACCTTTTATTGCCACTAGTCTCTAGTCAGTGTG,--_21579_9746,,--_21579_9746,1
3826,4349,1,--,Insertion_reverse,3826_4349,--_3826_4349,3826,4349,3826_4349,1,TTTTCACTCTTCATTTCCAAAAAGCTTGAAtagagataatagatggtagaatgtaaaagg,CCTTTTACATTCTACCATCTATTATCTCTATTCAAGCTTTTTGGAAATGAAGAGTGAAAA,--_3826_4349,,--_3826_4349,1
6595,25654,1,--,Insertion_reverse,6595_25654,--_6595_25654,6595,25654,6595_25654,0,TTCAAACCTAATACTCTAGATAATTCATTAcaaacaacaacagcaagttgcaaacaaagt,ACTTTGTTTGCAACTTGCTGTTGTTGTTTGTAATGAATTATCTAGAGTATTAGGTTTGAA,--_6596_25655,,--_6596_25655,1
6950,11023,1,--,Insertion_reverse,6950_11023,--_6950_11023,6950,11023,6950_11023,0,AACACTTAATAGTAAAAACCAAATTATAATtgtgagtaacaaccagtggtgtgtaccctt,AAGGGTACACACCACTGGTTGTTACTCACAATTATAATTTGGTTTTTACTATTAAGTGTT,--_6952_11025,,--_6952_11025,1
14455,26405,1,--,Insertion_reverse,14455_26405,--_14455_26405,14455,26405,14455_26405,1,GAAGTGGTATCCAGTTGAAACTACAAATGGggttttacaagactcacgttaacaatattg,CAATATTGTTAACGTGAGTCTTGTAAAACCCCATTTGTAGTTTCAACTGGATACCACTTC,--_14455_26405,,--_14455_26405,1
18075,11792,1,+-,5cb/sb,18075_11792,+-_18075_11792,11792,18075,11792_18075,0,AATGTAACAGGACTCTTTAAAGATTGTAGTtaatgttgagtttgaaggcatctatgctat,ATAGCATAGATGCCTTCAAACTCAACATTAACTACAATCTTTAAAGAGTCCTGTTACATT,,+-_11793_18074,+-_11793_18074,1
17703,21046,1,+-,5cb/sb,17703_21046,+-_17703_21046,17703,21046,17703_21046,1,ATCACGCATGATGTTTCATCTGCAATTAACcactaataatgagatcccatttattagctg,CAGCTAATAAATGGGATCTCATTATTAGTGGTTAATTGCAGATGAAACATCATGCGTGAT,,+-_21046_17703,+-_21046_17703,1
686,18526,1,+-,5cb/sb,686_18526,+-_686_18526,686,18526,686_18526,1,CTGGTGGCCATAGTTACGGCGCCGATCTAAgcactacattccaaggaagtcctttgtaca,TGTACAAAGGACTTCCTTGGAATGTAGTGCTTAGATCGGCGCCGTAACTATGGCCACCAG,,+-_18526_686,+-_18526_686,1
18526,686,1,+-,5cb/sb,18526_686,+-_18526_686,686,18526,686_18526,1,TGTACAAAGGACTTCCTTGGAATGTAGTGCttagatcggcgccgtaactatggccaccag,CTGGTGGCCATAGTTACGGCGCCGATCTAAGCACTACATTCCAAGGAAGTCCTTTGTACA,+-_18526_686,,+-_18526_686,1
20408,14450,1,+-,5cb/sb,20408_14450,+-_20408_14450,14450,20408,14450_20408,1,ACTAGCTAAACGTTTTAAGGAATCACCTTTccatcaacaaatatttttctcactagtggt,ACCACTAGTGAGAAAAATATTTGTTGATGGAAAGGTGATTCCTTAAAACGTTTAGCTAGT,+-_20408_14450,,+-_20408_14450,1
14044,16542,1,+-,5cb/sb,14044_16542,+-_14044_16542,14044,16542,14044_16542,1,TCTGTGATGCCATGCGAAATGCTGGTATTGattatcgctaccaacacatgtatttttata,TATAAAAATACATGTGTTGGTAGCGATAATCAATACCAGCATTTCGCATGGCATCACAGA,,+-_16542_14044,+-_16542_14044,1
26144,20578,1,+-,5cb/sb,26144_20578,+-_26144_20578,20578,26144,20578_26144,1,AGAACATGTCCAAATTCACACAATCGACGGctttgacaaccttagaaactacagataaat,ATTTATCTGTAGTTTCTAAGGTTGTCAAAGCCGTCGATTGTGTGAATTTGGACATGTTCT,,+-_20578_26144,+-_20578_26144,1
7066,10937,1,+-,5cb/sb,7066_10937,+-_7066_10937,7066,10937,7066_10937,1,GGCATGCCTTCTTACTGTACTGGTTACAGAcaaaaggtgtaaattcatcttctaataaag,CTTTATTAGAAGATGAATTTACACCTTTTGTCTGTAACCAGTACAGTAAGAAGGCATGCC,,+-_10937_7066,+-_10937_7066,1
8154,6472,1,+-,5cb/sb,8154_6472,+-_8154_6472,6472,8154,6472_8154,1,TGCAAAGAATGTGTCCTTAGACAATGTCTTggtagttttcacattacactcaagaacgtc,GACGTTCTTGAGTGTAATGTGAAAACTACCAAGACATTGTCTAAGGACACATTCTTTGCA,+-_8154_6472,,+-_8154_6472,1
10822,27180,1,+-,5cb/sb,10822_27180,+-_10822_27180,10822,27180,10822_27180,0,GTTGACATACTAGGACCTCTTTCTGCTCAAgcaaagcaatattgtcactgctactggaat,ATTCCAGTAGCAGTGACAATATTGCTTTGCTTGAGCAGAAAGAGGTCCTAGTATGTCAAC,,+-_27183_10819,+-_27183_10819,1
26473,2790,1,+-,5cb/sb,26473_2790,+-_26473_2790,2790,26473,2790_26473,0,CTTCTAGAGTTCCTGATCTTCTGGTCTAAAgtgatattcacactcttgtaaccttgcact,AGTGCAAGGTTACAAGAGTGTGAATATCACTTTAGACCAGAAGATCAGGAACTCTAGAAG,+-_26472_2791,,+-_26472_2791,1
5498,10291,1,+-,5cb/sb,5498_10291,+-_5498_10291,5498,10291,5498_10291,1,TGTTTCAACATGCCAATTTAGATTCTTGCAtccaataaccctgagttgaacattaccagc,GCTGGTAATGTTCAACTCAGGGTTATTGGATGCAAGAATCTAAATTGGCATGTTGAAACA,,+-_10291_5498,+-_10291_5498,1
29354,23083,1,+-,5cb/sb,29354_23083,+-_29354_23083,23083,29354,23083_29354,0,TTTTGCTGAATAAGCATATTGACGCATACAtggttggtaaccaacaccattagtgggttg,CAACCCACTAATGGTGTTGGTTACCAACCATGTATGCGTCAATATGCTTATTCAGCAAAA,,+-_23084_29353,+-_23084_29353,1
3723,6547,1,+-,5cb/sb,3723_6547,+-_3723_6547,3723,6547,3723_6547,1,TCTACTTGCACCATTATTATCAGCTGGTATatctgtgtggccaacctcttctgtaatttt,AAAATTACAGAAGAGGTTGGCCACACAGATATACCAGCTGATAATAATGGTGCAAGTAGA,,+-_6547_3723,+-_6547_3723,1
12852,12985,1,+-,5cb/sb,12852_12985,+-_12852_12985,12852,12985,12852_12985,0,CGATTTACAGGATTTGAAATGGGCTAGATTacctctatttaggttgtttaatcctttaat,ATTAAAGGATTAAACAACCTAAATAGAGGTAATCTAGCCCATTTCAAATCCTGTAAATCG,+-_12851_12986,,+-_12851_12986,1
25105,5731,1,+-,5cb/sb,25105_5731,+-_25105_5731,5731,25105,5731_25105,1,ATTAATGCTTCAGTTGTAAACATTCAAAAAagtaaatgtaccatgcttaagttcatactg,CAGTATGAACTTAAGCATGGTACATTTACTTTTTTGAATGTTTACAACTGAAGCATTAAT,,+-_5731_25105,+-_5731_25105,1
5732,25104,1,+-,5cb/sb,5732_25104,+-_5732_25104,5732,25104,5732_25104,0,AGTATGAACTTAAGCATGGTACATTTACTTttttgaatgtttacaactgaagcattaatg,CATTAATGCTTCAGTTGTAAACATTCAAAAAAGTAAATGTACCATGCTTAAGTTCATACT,+-_5731_25105,,+-_5731_25105,1
7217,4990,1,+-,5cb/sb,7217_4990,+-_7217_4990,4990,7217,4990_7217,1,AAATTACCATTTCATCTTTTAAATGGGATTgtctactgttgtaaacaccttaatagtcct,AGGACTATTAAGGTGTTTACAACAGTAGACAATCCCATTTAAAAGATGAAATGGTAATTT,,+-_4990_7217,+-_4990_7217,1
28109,26016,1,+-,5cb/sb,28109_26016,+-_28109_26016,26016,28109,26016_28109,1,GATGAGGCTGGTTCTAAATCACCCATTCAGagtgaagtaactgtgtaatacaacacagtc,GACTGTGTTGTATTACACAGTTACTTCACTCTGAATGGGTGATTTAGAACCAGCCTCATC,,+-_26016_28109,+-_26016_28109,1
20832,18464,1,+-,5cb/sb,20832_18464,+-_20832_18464,18464,20832,18464_20832,1,CAACTGTGTCAATATTTAAACACATTAACAggcggtggtttagcactaactctggaaaaa,TTTTTCCAGAGTTAGTGCTAAACCACCGCCTGTTAATGTGTTTAAATATTGACACAGTTG,+-_20832_18464,,+-_20832_18464,1
17142,3128,1,+-,5cb/sb,17142_3128,+-_17142_3128,3128,17142,3128_17142,0,ATTGGCCTAGCTCTCTACTACCCTTCTGCTaatcatcttcagtaccatactcatattgag,CTCAATATGAGTATGGTACTGAAGATGATTAGCAGAAGGGTAGTAGAGAGCTAGGCCAAT,+-_17141_3129,,+-_17141_3129,1
1476,24752,1,+-,5cb/sb,1476_24752,+-_1476_24752,1476,24752,1476_24752,0,AACCATTCTTCGTAAGGGTGGTCGCACTATgcaagaagactacaccatgaggtgctgact,AGTCAGCACCTCATGGTGTAGTCTTCTTGCATAGTGCGACCACCCTTACGAAGAATGGTT,+-_1475_24753,,+-_1475_24753,1
19674,6080,1,-+,3cb/sb,19674_6080,-+_19674_6080,6080,19674,6080_19674,1,TTAATGATAGAAACTGGTACTTCACCCTGTgatgatttaaaccagttaactggttataag,CTTATAACCAGTTAACTGGTTTAAATCATCACAGGGTGAAGTACCAGTTTCTATCATTAA,-+_19674_6080,,-+_19674_6080,1
19359,20180,1,-+,3cb/sb,19359_20180,-+_19359_20180,19359,20180,19359_20180,1,CTGTCAGAGTAATAGAAAAATGGTAATTGTaacaattacctgaaacttactttactcaga,TCTGAGTAAAGTAAGTTTCAGGTAATTGTTACAATTACCATTTTTCTATTACTCTGACAG,-+_19359_20180,,-+_19359_20180,1
10189,19615,1,-+,3cb/sb,10189_19615,-+_10189_19615,10189,19615,10189_19615,1,TCATAATTAGGGTTAAGCATGTCTTCAGAGcttcagagtttagaaaatgtggcttttaat,ATTAAAAGCCACATTTTCTAAACTCTGAAGCTCTGAAGACATGCTTAACCCTAATTATGA,,-+_19615_10189,-+_19615_10189,1
9125,10339,1,-+,3cb/sb,9125_10339,-+_9125_10339,9125,10339,9125_10339,1,TTGAATAATAGAGCCATCCATGAGCACATAtcctaagacacctaagtataagtttgttcg,CGAACAAACTTATACTTAGGTGTCTTAGGATATGTGCTCATGGATGGCTCTATTATTCAA,-+_9125_10339,,-+_9125_10339,1
16702,7855,1,-+,3cb/sb,16702_7855,-+_16702_7855,7855,16702,7855_16702,1,AAGATGTAATTCTCTGTCAGACAGCACTTCtaacactaaaggttcattgcctattaatgt,ACATTAATAGGCAATGAACCTTTAGTGTTAGAAGTGCTGTCTGACAGAGAATTACATCTT,,-+_7855_16702,-+_7855_16702,1
7307,18236,1,-+,3cb/sb,7307_18236,-+_7307_18236,7307,18236,7307_18236,0,ATGTACTGCAAAATAGCTGAAAAACAATTGttaatggttaccctaacatgtttatcaccc,GGGTGATAAACATGTTAGGGTAACCATTAACAATTGTTTTTCAGCTATTTTGCAGTACAT,-+_7308_18235,,-+_7308_18235,1
22579,27856,1,-+,3cb/sb,22579_27856,-+_22579_27856,22579,27856,22579_27856,1,GATGCAAATCTGGTGGCGTTAAAAACTTCAtgcaagatcataatgaaacttgtcacgcct,AGGCGTGACAAGTTTCATTATGATCTTGCATGAAGTTTTTAACGCCACCAGATTTGCATC,,-+_27856_22579,-+_27856_22579,1
28090,18385,1,-+,3cb/sb,28090_18385,-+_28090_18385,18385,28090,18385_28090,1,TATCGATGTACTGAATGGGTGATTTAGAACaacctagttgctgtacctacaggttatgtt,AACATAACCTGTAGGTACAGCAACTAGGTTGTTCTAAATCACCCATTCAGTACATCGATA,-+_28090_18385,,-+_28090_18385,1
15481,12490,1,-+,3cb/sb,15481_12490,-+_15481_12490,12490,15481,12490_15481,1,AGCATAAGCAGTTGTGGCATCTCCTGATGAagactataacacatataaaaatacgtgtga,TCACACGTATTTTTATATGTGTTATAGTCTTCATCAGGAGATGCCACAACTGCTTATGCT,-+_15481_12490,,-+_15481_12490,1
26718,22508,1,-+,3cb/sb,26718_22508,-+_26718_22508,22508,26718,22508_26718,1,CCAATTTATTCTGTAAACAGCAGCAAGCACtctaactttagagtccaaccaacagaatct,AGATTCTGTTGGTTGGACTCTAAAGTTAGAGTGCTTGCTGCTGTTTACAGAATAAATTGG,,-+_22508_26718,-+_22508_26718,1
22508,26718,1,-+,3cb/sb,22508_26718,-+_22508_26718,22508,26718,22508_26718,1,AGATTCTGTTGGTTGGACTCTAAAGTTAGAgtgcttgctgctgtttacagaataaattgg,CCAATTTATTCTGTAAACAGCAGCAAGCACTCTAACTTTAGAGTCCAACCAACAGAATCT,-+_22508_26718,,-+_22508_26718,1
