DVG_type,BP,RI,sense,ID_DI,cID_DI,start,end,id,TP_exact,seq_around_junction,seq_around_junction_reverseCompl,inWholeSeq,inWholeSeq_asRevCompl,in_idSeq,TP_seq
3cb/sb,22579,27856,-+,22579_27856,-+_22579_27856,22579,27856,22579_27856,1,GATGCAAATCTGGTGGCGTTAAAAACTTCAtgcaagatcataatgaaacttgtcacgcct,AGGCGTGACAAGTTTCATTATGATCTTGCATGAAGTTTTTAACGCCACCAGATTTGCATC,,-+_27856_22579,-+_27856_22579,1
3cb/sb,22508,26718,-+,22508_26718,-+_22508_26718,22508,26718,22508_26718,1,AGATTCTGTTGGTTGGACTCTAAAGTTAGAgtgcttgctgctgtttacagaataaattgg,CCAATTTATTCTGTAAACAGCAGCAAGCACTCTAACTTTAGAGTCCAACCAACAGAATCT,-+_22508_26718,,-+_22508_26718,1
3cb/sb,28090,18385,-+,28090_18385,-+_28090_18385,18385,28090,18385_28090,1,TATCGATGTACTGAATGGGTGATTTAGAACaacctagttgctgtacctacaggttatgtt,AACATAACCTGTAGGTACAGCAACTAGGTTGTTCTAAATCACCCATTCAGTACATCGATA,-+_28090_18385,,-+_28090_18385,1
3cb/sb,10189,19615,-+,10189_19615,-+_10189_19615,10189,19615,10189_19615,1,TCATAATTAGGGTTAAGCATGTCTTCAGAGcttcagagtttagaaaatgtggcttttaat,ATTAAAAGCCACATTTTCTAAACTCTGAAGCTCTGAAGACATGCTTAACCCTAATTATGA,,-+_19615_10189,-+_19615_10189,1
3cb/sb,7307,18236,-+,7307_18236,-+_7307_18236,7307,18236,7307_18236,0,ATGTACTGCAAAATAGCTGAAAAACAATTGttaatggttaccctaacatgtttatcaccc,GGGTGATAAACATGTTAGGGTAACCATTAACAATTGTTTTTCAGCTATTTTGCAGTACAT,-+_7308_18235,,-+_7308_18235,1
3cb/sb,9125,10339,-+,9125_10339,-+_9125_10339,9125,10339,9125_10339,1,TTGAATAATAGAGCCATCCATGAGCACATAtcctaagacacctaagtataagtttgttcg,CGAACAAACTTATACTTAGGTGTCTTAGGATATGTGCTCATGGATGGCTCTATTATTCAA,-+_9125_10339,,-+_9125_10339,1
5cb/sb,3723,6547,+-,3723_6547,+-_3723_6547,3723,6547,3723_6547,1,TCTACTTGCACCATTATTATCAGCTGGTATatctgtgtggccaacctcttctgtaatttt,AAAATTACAGAAGAGGTTGGCCACACAGATATACCAGCTGATAATAATGGTGCAAGTAGA,,+-_6547_3723,+-_6547_3723,1
5cb/sb,8154,6472,+-,8154_6472,+-_8154_6472,6472,8154,6472_8154,1,TGCAAAGAATGTGTCCTTAGACAATGTCTTggtagttttcacattacactcaagaacgtc,GACGTTCTTGAGTGTAATGTGAAAACTACCAAGACATTGTCTAAGGACACATTCTTTGCA,+-_8154_6472,,+-_8154_6472,1
5cb/sb,7066,10937,+-,7066_10937,+-_7066_10937,7066,10937,7066_10937,1,GGCATGCCTTCTTACTGTACTGGTTACAGAcaaaaggtgtaaattcatcttctaataaag,CTTTATTAGAAGATGAATTTACACCTTTTGTCTGTAACCAGTACAGTAAGAAGGCATGCC,,+-_10937_7066,+-_10937_7066,1
5cb/sb,686,18526,+-,686_18526,+-_686_18526,686,18526,686_18526,1,CTGGTGGCCATAGTTACGGCGCCGATCTAAgcactacattccaaggaagtcctttgtaca,TGTACAAAGGACTTCCTTGGAATGTAGTGCTTAGATCGGCGCCGTAACTATGGCCACCAG,,+-_18526_686,+-_18526_686,1
5cb/sb,17142,3128,+-,17142_3128,+-_17142_3128,3128,17142,3128_17142,0,ATTGGCCTAGCTCTCTACTACCCTTCTGCTaatcatcttcagtaccatactcatattgag,CTCAATATGAGTATGGTACTGAAGATGATTAGCAGAAGGGTAGTAGAGAGCTAGGCCAAT,+-_17141_3129,,+-_17141_3129,1
5cb/sb,12852,12985,+-,12852_12985,+-_12852_12985,12852,12985,12852_12985,0,CGATTTACAGGATTTGAAATGGGCTAGATTacctctatttaggttgtttaatcctttaat,ATTAAAGGATTAAACAACCTAAATAGAGGTAATCTAGCCCATTTCAAATCCTGTAAATCG,+-_12851_12986,,+-_12851_12986,1
5cb/sb,18075,11792,+-,18075_11792,+-_18075_11792,11792,18075,11792_18075,0,AATGTAACAGGACTCTTTAAAGATTGTAGTtaatgttgagtttgaaggcatctatgctat,ATAGCATAGATGCCTTCAAACTCAACATTAACTACAATCTTTAAAGAGTCCTGTTACATT,,+-_11793_18074,+-_11793_18074,1
5cb/sb,14044,16542,+-,14044_16542,+-_14044_16542,14044,16542,14044_16542,1,TCTGTGATGCCATGCGAAATGCTGGTATTGattatcgctaccaacacatgtatttttata,TATAAAAATACATGTGTTGGTAGCGATAATCAATACCAGCATTTCGCATGGCATCACAGA,,+-_16542_14044,+-_16542_14044,1
5cb/sb,5732,25104,+-,5732_25104,+-_5732_25104,5732,25104,5732_25104,0,AGTATGAACTTAAGCATGGTACATTTACTTttttgaatgtttacaactgaagcattaatg,CATTAATGCTTCAGTTGTAAACATTCAAAAAAGTAAATGTACCATGCTTAAGTTCATACT,+-_5731_25105,,+-_5731_25105,1
5cb/sb,25105,5731,+-,25105_5731,+-_25105_5731,5731,25105,5731_25105,1,ATTAATGCTTCAGTTGTAAACATTCAAAAAagtaaatgtaccatgcttaagttcatactg,CAGTATGAACTTAAGCATGGTACATTTACTTTTTTGAATGTTTACAACTGAAGCATTAAT,,+-_5731_25105,+-_5731_25105,1
5cb/sb,20408,14450,+-,20408_14450,+-_20408_14450,14450,20408,14450_20408,1,ACTAGCTAAACGTTTTAAGGAATCACCTTTccatcaacaaatatttttctcactagtggt,ACCACTAGTGAGAAAAATATTTGTTGATGGAAAGGTGATTCCTTAAAACGTTTAGCTAGT,+-_20408_14450,,+-_20408_14450,1
5cb/sb,10822,27180,+-,10822_27180,+-_10822_27180,10822,27180,10822_27180,0,GTTGACATACTAGGACCTCTTTCTGCTCAAgcaaagcaatattgtcactgctactggaat,ATTCCAGTAGCAGTGACAATATTGCTTTGCTTGAGCAGAAAGAGGTCCTAGTATGTCAAC,,+-_27183_10819,+-_27183_10819,1
5cb/sb,17703,21046,+-,17703_21046,+-_17703_21046,17703,21046,17703_21046,1,ATCACGCATGATGTTTCATCTGCAATTAACcactaataatgagatcccatttattagctg,CAGCTAATAAATGGGATCTCATTATTAGTGGTTAATTGCAGATGAAACATCATGCGTGAT,,+-_21046_17703,+-_21046_17703,1
5cb/sb,20832,18464,+-,20832_18464,+-_20832_18464,18464,20832,18464_20832,1,CAACTGTGTCAATATTTAAACACATTAACAggcggtggtttagcactaactctggaaaaa,TTTTTCCAGAGTTAGTGCTAAACCACCGCCTGTTAATGTGTTTAAATATTGACACAGTTG,+-_20832_18464,,+-_20832_18464,1
5cb/sb,26144,20578,+-,26144_20578,+-_26144_20578,20578,26144,20578_26144,1,AGAACATGTCCAAATTCACACAATCGACGGctttgacaaccttagaaactacagataaat,ATTTATCTGTAGTTTCTAAGGTTGTCAAAGCCGTCGATTGTGTGAATTTGGACATGTTCT,,+-_20578_26144,+-_20578_26144,1
Deletion_forward,1295,27969,++,1295_27969,++_1295_27969,1295,27969,1295_27969,0,GCGATTTTGTTAAAGCCACTTGCGAATTTTactcaacatcaaccatatgtagttgatgac,GTCATCAACTACATATGGTTGATGTTGAGTAAAATTCGCAAGTGGCTTTAACAAAATCGC,,--_27968_1294,--_27968_1294,1
Deletion_forward,364,25038,++,364_25038,++_364_25038,364,25038,364_25038,0,CGCGACGTGCTCGTACGTGGCTTTGGAGACatacatcaccagatgttgatttaggtgaca,TGTCACCTAAATCAACATCTGGTGATGTATGTCTCCAAAGCCACGTACGAGCACGTCGCG,,--_25037_363,--_25037_363,1
Deletion_forward,2545,24119,++,2545_24119,++_2545_24119,2545,24119,2545_24119,1,GTGTTAACAGAGGAAGTTGTCTTGAAAACTcaaaagtttaacggccttactgttttgcca,TGGCAAAACAGTAAGGCCGTTAAACTTTTGAGTTTTCAAGACAACTTCCTCTGTTAACAC,,--_24119_2545,--_24119_2545,1
Deletion_forward,10474,29223,++,10474_29223,++_10474_29223,10474,29223,10474_29223,1,AGGCCCAATTTCACTATTAAGGGTTCATTCtgtcgcgcattggcatggaagtcacacctt,AAGGTGTGACTTCCATGCCAATGCGCGACAGAATGAACCCTTAATAGTGAAATTGGGCCT,,--_29223_10474,--_29223_10474,1
Deletion_forward,3612,19888,++,3612_19888,++_3612_19888,3612,19888,3612_19888,1,CGGACACAATCTTGCTAAACACTGTCTTCAagagatgctccagcacatatatctactatt,AATAGTAGATATATGTGCTGGAGCATCTCTTGAAGACAGTGTTTAGCAAGATTGTGTCCG,++_3612_19888,,++_3612_19888,1
Deletion_forward,11671,25800,++,11671_25800,++_11671_25800,11671,25800,11671_25800,1,TACTTTGGCCTCTTTTGTTTACTCAACCGCaaacccattactttatgatgccaactattt,AAATAGTTGGCATCATAAAGTAATGGGTTTGCGGTTGAGTAAACAAAAGAGGCCAAAGTA,,--_25800_11671,--_25800_11671,1
Deletion_forward,13620,26819,++,13620_26819,++_13620_26819,13620,26819,13620_26819,1,ACTAATTGTTGTCGCTTCCAAGAAAAGGACtttcagactgtttgcgcgtacgcgttccat,ATGGAACGCGTACGCGCAAACAGTCTGAAAGTCCTTTTCTTGGAAGCGACAACAATTAGT,++_13620_26819,,++_13620_26819,1
Deletion_forward,14073,26393,++,14073_26393,++_14073_26393,14073,26393,14073_26393,1,GTTGGTGTACTGACATTAGATAATCAAGATgtcttgtaaaaccttctttttacgtttact,AGTAAACGTAAAAAGAAGGTTTTACAAGACATCTTGATTATCTAATGTCAGTACACCAAC,,--_26393_14073,--_26393_14073,1
Deletion_forward,10339,21608,++,10339_21608,++_10339_21608,10339,21608,10339_21608,0,GTACTTAAGCTTAAGGTTGATACAGCCAATgttaatcttacaaccagaactcaattaccc,GGGTAATTGAGTTCTGGTTGTAAGATTAACATTGGCTGTATCAACCTTAAGCTTAAGTAC,++_10338_21607,,++_10338_21607,1
Deletion_forward,12007,23001,++,12007_23001,++_12007_23001,12007,23001,12007_23001,1,ACTGAAGCCTTTGAAAAAATGGTTTCACTAgtaatggtgttgaaggttttaattgttact,AGTAACAATTAAAACCTTCAACACCATTACTAGTGAAACCATTTTTTCAAAGGCTTCAGT,,--_23001_12007,--_23001_12007,1
Deletion_forward,7778,18335,++,7778_18335,++_7778_18335,7778,18335,7778_18335,1,CAGTGAAGAATGGTTCCATCCATCTTTACTaagctgttggtaccaatttacctttacagc,GCTGTAAAGGTAAATTGGTACCAACAGCTTAGTAAAGATGGATGGAACCATTCTTCACTG,,--_18335_7778,--_18335_7778,1
Deletion_forward,9521,17853,++,9521_17853,++_9521_17853,9521,17853,9521_17853,1,ATGTAGTTGCCTTTAATACTTTACTATTCCagaatatgactatgtcatattcactcaaac,GTTTGAGTGAATATGACATAGTCATATTCTGGAATAGTAAAGTATTAAAGGCAACTACAT,,--_17853_9521,--_17853_9521,1
Deletion_forward,19465,25174,++,19465_25174,++_19465_25174,19465,25174,19465_25174,1,TACCACTAAAGTCTGCTACGTGTATAACACaaagtatgagcagtatataaaatggccatg,CATGGCCATTTTATATACTGCTCATACTTTGTGTTATACACGTAGCAGACTTTAGTGGTA,++_19465_25174,,++_19465_25174,1
Deletion_forward,1100,4403,++,1100_4403,++_1100_4403,1100,4403,1100_4403,1,AATGTCCAAATTTTGTATTTCCCTTAAATTgcacatgcagaagaaacacgcaaattaatg,CATTAATTTGCGTGTTTCTTCTGCATGTGCAATTTAAGGGAAATACAAAATTTGGACATT,++_1100_4403,,++_1100_4403,1
Deletion_forward,2535,5047,++,2535_5047,++_2535_5047,2535,5047,2535_5047,1,TCCCACAGAAGTGTTAACAGAGGAAGTTGTtggtccaacttatttggatggagctgatgt,ACATCAGCTCCATCCAAATAAGTTGGACCAACAACTTCCTCTGTTAACACTTCTGTGGGA,,--_5047_2535,--_5047_2535,1
Insertion_forward,2174,1455,++,2174_1455,++_2174_1455,1455,2174,1455_2174,1,TCCTTGATTGGCTTGAAGAGAAGTTTAAGGttcgtaagggtggtcgcactattgcctttg,CAAAGGCAATAGTGCGACCACCCTTACGAACCTTAAACTTCTCTTCAAGCCAATCAAGGA,,--_1455_2174,--_1455_2174,1
Insertion_forward,5674,3770,++,5674_3770,++_5674_3770,3770,5674,3770_5674,1,ACAAAATATCTAGTACAACAGGAGTCACCTgttcgcacaaatgtctacttagctgtcttt,AAAGACAGCTAAGTAGACATTTGTGCGAACAGGTGACTCCTGTTGTACTAGATATTTTGT,++_5674_3770,,++_5674_3770,1
Insertion_forward,19373,16434,++,19373_16434,++_19373_16434,16434,19373,16434_19373,1,TTTTGTTAATTTAAAACAATTACCATTTTTaggtatgagctattattgtaaatcacataa,TTATGTGATTTACAATAATAGCTCATACCTAAAAATGGTAATTGTTTTAAATTAACAAAA,,--_16434_19373,--_16434_19373,1
Insertion_forward,14771,11028,++,14771_11028,++_14771_11028,11028,14771,11028_14771,1,TGTTGAATTAAAACACTTCTTCTTTGCTCAtgacttcacttttagttttagtccagagta,TACTCTGGACTAAAACTAAAAGTGAAGTCATGAGCAAAGAAGAAGTGTTTTAATTCAACA,++_14771_11028,,++_14771_11028,1
Insertion_forward,14600,10540,++,14600_10540,++_14600_10540,10540,14600,10540_14600,1,CCCTGCTATGCACGCTGCTTCTGGTAATCTgcaccatatggaattaccaactggagttca,TGAACTCCAGTTGGTAATTCCATATGGTGCAGATTACCAGAAGCAGCGTGCATAGCAGGG,,--_10540_14600,--_10540_14600,1
Insertion_forward,11026,6953,++,11026_6953,++_11026_6953,6953,11026,6953_11026,0,GGTACACACCACTGGTTGTTACTCACAATTataatttggtttttactattaagtgtttgc,GCAAACACTTAATAGTAAAAACCAAATTATAATTGTGAGTAACAACCAGTGGTGTGTACC,,--_6952_11025,--_6952_11025,1
Insertion_forward,29407,19806,++,29407_19806,++_29407_19806,19806,29407,19806_29407,0,AAAAAGGACAAAAAGAAGAAGGCTGATGAAcattaaaccagtaccagaggtgaaaatact,AGTATTTTCACCTCTGGTACTGGTTTAATGTTCATCAGCCTTCTTCTTTTTGTCCTTTTT,++_29406_19805,,++_29406_19805,1
Insertion_forward,18827,8410,++,18827_8410,++_18827_8410,8410,18827,8410_18827,1,ACAAAGCAACCATGATCTGTATTGTCAAGTtaaagatttcatgtcattgtctgaacaact,AGTTGTTCAGACAATGACATGAAATCTTTAACTTGACAATACAGATCATGGTTGCTTTGT,++_18827_8410,,++_18827_8410,1
Insertion_forward,16654,5802,++,16654_5802,++_16654_5802,5802,16654,5802_16654,1,TCAAGCTTTTTGCAGCAGAAACGCTCAAAGattgcatagacggtgctttacttacaaagt,ACTTTGTAAGTAAAGCACCGTCTATGCAATCTTTGAGCGTTTCTGCTGCAAAAAGCTTGA,,--_5802_16654,--_5802_16654,1
Insertion_forward,26405,14455,++,26405_14455,++_26405_14455,14455,26405,14455_26405,1,CAATATTGTTAACGTGAGTCTTGTAAAACCccatttgtagtttcaactggataccacttc,GAAGTGGTATCCAGTTGAAACTACAAATGGGGTTTTACAAGACTCACGTTAACAATATTG,,--_14455_26405,--_14455_26405,1
Insertion_forward,23430,10262,++,23430_10262,++_23430_10262,10262,23430,10262_23430,1,GGATGTTAACTGCACAGAAGTCCCTGTTGCgctggtaatgttcaactcagggttattgga,TCCAATAACCCTGAGTTGAACATTACCAGCGCAACAGGGACTTCTGTGCAGTTAACATCC,,--_10262_23430,--_10262_23430,1
Insertion_forward,28693,12695,++,28693_12695,++_28693_12695,12695,28693,12695_28693,1,ATATGGGTTGCAACTGAGGGAGCCTTGAATcttagtcctgttgcactacgacagatgtct,AGACATCTGTCGTAGTGCAACAGGACTAAGATTCAAGGCTCCCTCAGTTGCAACCCATAT,,--_12695_28693,--_12695_28693,1
Insertion_forward,20593,3310,++,20593_3310,++_20593_3310,3310,20593,3310_20593,0,CTAAGGTTGTCAAAGTGACTATTGACTATAacttacaccagttgttcagactattgaagt,ACTTCAATAGTCTGAACAACTGGTGTAAGTTATAGTCAATAGTCACTTTGACAACCTTAG,,--_3309_20592,--_3309_20592,1
Insertion_forward,28056,5930,++,28056_5930,++_28056_5930,5930,28056,5930_28056,1,GGTATATTAGAGTAGGAGCTAGAAAATCAGtgtacagaaattgaccctaagttggacaat,ATTGTCCAACTTAGGGTCAATTTCTGTACACTGATTTTCTAGCTCCTACTCTAATATACC,,--_5930_28056,--_5930_28056,1
